contrast,W,p_raw,cliffs_delta,p_BH,direction_note
3 - 2,0,0.005074868097940252,1,0.007612302146910378,Cliff's delta > 0 means newer gen has larger J/token
3.1 - 3,7,0.09269580255781257,0.6111111111111112,0.09269580255781257,Cliff's delta > 0 means newer gen has larger J/token
3.2 - 3.1,72,8.845671563050019e-4,-1,0.0026537014689150054,Cliff's delta > 0 means newer gen has larger J/token
