component,estimate,SE,t_value,p_raw,p_BH
linear,-172541.1944553927,23880.41144811953,-7.225218662175919,1.1305850433564875e-7,3.391755130069463e-7
quadratic,-38980.97639048397,11347.755720306692,-3.4351265000116205,0.0019993461458596247,0.002999019218789437
cubic,-38637.16354137368,26785.099364125083,-1.4424872208285622,0.1611044002460747,0.1611044002460747
