contrast,estimate_J,SE,t_value,p_raw,p_BH,hedges_g
generation3 - generation2,-5491.06395857202,8578.097021326326,-0.640126119455222,0.5276919205053452,0.5276919205053452,-0.3588126091094982
generation3.1 - generation3,-5662.970383127165,8578.097021326323,-0.660166278027428,0.5149535864149978,0.5276919205053452,-0.37004580420296007
generation3.2 - generation3.1,-44472.04034905599,7428.84993659622,-5.986396377449558,2.5498797333066666e-6,7.64963919992e-6,-2.906017658956096
