term,df1,df2,F_value,p_value,eta2,omega2,note
generation,3,26,27.82809615700843,2.8223087222022247e-8,0.7625230034090158,0.7284681793659056,one-way ANOVA on raw scale
