generation,rho,p,p_BH
2,1,0.002777777777777778,0.003703703703703704
3,0.9428571428571428,0.016666666666666666,0.016666666666666666
3.1,1,0.002777777777777778,0.003703703703703704
3.2,1,0,0
