generation,n_runs,mean_duration_s,median_duration_s,sd_duration_s,mean_energy_J,median_energy_J,sd_energy_J,mean_power_W,median_power_W,sd_power_W
2,6,19745.57222222222,19702.86666666667,1332.5775028395435,81556.68663037218,81303.94895288738,5497.148306556446,4.130405305424115,4.131783411455274,0.004728018395333708
3,6,18646.955555555556,19917.283333333333,5220.697456924768,76065.62267180014,81262.23070801431,21396.414608718023,4.07780048363788,4.083972539996136,0.01303679571005221
3.1,6,17239.36111111111,15852.766666666666,4692.562720798694,70402.65228867297,64709.83295821615,19275.788775465913,4.082468223636126,4.083450294235544,0.00869146626988665
3.2,12,6670.725,5992,2824.522324686338,25930.61193961697,23180.267367272136,11448.009874385667,3.854912714222977,3.8615572791766657,0.08736885857035498
