term,df1,df2,F_value,p_value,eta2_partial,omega2_partial,note
generation,3,25,7.7171313535108474,8.178807210591522e-4,0.4808042324055715,0.409986215970091,two-way ANOVA on raw J/B
size_f,1,25,7.400662238837382,0.011691627363266012,0.22841083260225786,0.19163279437600092,two-way ANOVA on raw J/B
