size_f,contrast,estimate_JperB,SE,t_value,p_raw,p_BH,hedges_g
8,generation3.1 - generation3,-707.8712978908977,1409.9862166083217,-0.5020412891649823,0.6200316769621024,0.6200316769621024,-0.28107022879389987
