generation,contrast,estimate_JperB,SE,t_value,p_raw,p_BH
3.2,size_f1 - size_f3,3835.748810972948,1409.986216608322,2.7204158209430744,0.011691627363266012,0.011691627363266012
