generation,contrast,estimate_JperB,SE,t_value,p_raw,p_BH
3.2,size_f1 - size_f3,3835.748810972947,1409.9862166083215,2.720415820943075,0.011691627363266007,0.011691627363266007
