term,df1,df2,F_value,p_value,eta2_partial,omega2_partial,note
generation,3,25,7.717131353510847,8.178807210591522e-4,0.4808042324055714,0.4099862159700909,two-way ANOVA on raw J/B
size_f,1,25,7.400662238837383,0.011691627363266009,0.2284108326022579,0.19163279437600095,two-way ANOVA on raw J/B
