size_f,contrast,estimate_JperB,SE,t_value,p_raw,p_BH,hedges_g
8,generation3.1 - generation3,-707.8712978908959,1409.9862166083215,-0.502041289164981,0.6200316769621033,0.6200316769621033,-0.2810702287938992
