generation,response,SE,df,lower.CL,upper.CL
2,81399.64977664831,19799.943428112834,6.000000000116188,44888.09681179689,147608.69265746552
3,73330.82824736882,17837.27838496255,5.999999999944251,40438.47495006699,132976.91429640437
3.1,68339.06906460015,16623.079853391602,5.999999999933195,37685.725901646525,123924.99590484115
3.2,23461.089625275345,4035.4109620100558,5.999999999968558,15401.4134067345,35738.181584605925
