sigma_run,sigma_residual,ICC,model_singular,convergence
0.354975824913908,6.039371833665142e-4,0.9983015423043079,FALSE,FALSE
