term,Sum_Sq,Mean_Sq,NumDF,DenDF,F_value,p_value
generation,0.016382887427197755,0.005460962475732585,3,6.000005432903979,9.042269007666755,0.012080107745687867
task,0.0011958287343670755,2.3916574687341512e-4,5,6.0000055339900165,0.3960109651474655,0.8358387053969412
generation:task,8.241451744977278e-4,5.494301163318185e-5,15,6.000005432678471,0.09097471251383164,0.9999087477627839
