contrast,estimate,SE,df,t.ratio,p_raw,p_BH
generation3 - generation2,-8068.821529279492,26649.695306701527,5.999999999990548,-0.30277350027527133,0.7722849659988672,0.8445522511610098
generation3.1 - generation3,-4991.75918276867,24382.273970987742,5.999999999990548,-0.20472902522169678,0.8445522511610098,0.8445522511610098
generation3.2 - generation3.1,-44877.9794393248,17105.88569600295,5.999999999990548,-2.623540238539722,0.039398938601477994,0.11819681580443397
