contrast,estimate_J,SE,t_value,p_raw,p_BH,hedges_g
generation3 - generation2,-5491.063958572019,8578.097021326324,-0.640126119455222,0.5276919205053452,0.5276919205053452,-0.3588126091094981
generation3.1 - generation3,-5662.970383127153,8578.097021326323,-0.6601662780274266,0.5149535864149987,0.5276919205053452,-0.37004580420295924
generation3.2 - generation3.1,-44472.04034905599,7428.849936596221,-5.986396377449558,2.5498797333066666e-6,7.64963919992e-6,-2.906017658956096
