component,estimate,SE,t_value,p_raw,p_BH
linear,-172541.19445539263,23880.411448119525,-7.2252186621759185,1.1305850433564875e-7,3.391755130069463e-7
quadratic,-38980.97639048397,11347.755720306692,-3.4351265000116205,0.0019993461458596247,0.002999019218789437
cubic,-38637.163541373695,26785.09936412508,-1.442487220828563,0.1611044002460744,0.1611044002460744
