generation,rho,p,p_BH
2,0.2571428571428572,0.6583333333333333,0.8777777777777778
3,-0.028571428571428574,1,1
3.1,0.8285714285714285,0.058333333333333334,0.11666666666666667
3.2,0.6503496503496504,0.025911516845969543,0.10364606738387817
