sigma_run,sigma_residual,ICC,model_singular,convergence
0.3549758703045135,6.039371828339572e-4,0.998301542522615,FALSE,TRUE
