contrast,estimate,SE,df,t.ratio,p_raw,p_BH
generation3 - generation2,-8068.821529689318,26649.697011302076,6.000000000218355,-0.30277348092428025,0.7722849800453913,0.8445522609664378
generation3.1 - generation3,-4991.759182018781,24382.27553057429,6.000000000218355,-0.20472901209566502,0.8445522609664378,0.8445522609664378
generation3.2 - generation3.1,-44877.979442812575,17105.886790290544,6.000000000218355,-2.623540070912063,0.03939894744605391,0.11819684233816175
