generation,response,SE,df,lower.CL,upper.CL
2,81399.649779378,19799.944694650265,6.000000000177046,44888.09510523516,147608.69827908586
3,73330.82824968868,17837.27952584253,6.000000000225986,40438.47341291155,132976.9193594763
3.1,68339.0690676699,16623.08091685697,6.000000000281981,37685.72446965388,123925.00062482388
3.2,23461.089624857326,4035.4112199254027,6.0000000001884075,15401.412992099642,35738.182545435586
