term,Sum_Sq,Mean_Sq,NumDF,DenDF,F_value,p_value
generation,0.01638288531971547,0.00546096177323849,3,6.0000012626770225,9.042267852449637,0.012080131210401414
task,0.0011958285795957862,2.3916571591915724e-4,5,6.000002533938874,0.3960109142425695,0.8358387330560357
generation:task,8.241450680403527e-4,5.494300453602351e-5,15,6.0000012628441075,0.09097470084256959,0.9999087476920097
